"EmployeeID";"NationalIDNumber";"ContactID";"ManagerID";"Title";"BirthDate";"MaritalStatus";"Gender";"HireDate";"SalariedFlag";"CurrentFlag"
1;"14417807";1209;16;"Production Technician - WC60";"1972-05-15 00:00:00";"M";"M";"1996-07-31 00:00:00";"0";"1"
2;"253022876";1030;6;"Marketing Assistant";"1977-06-03 00:00:00";"S";"M";"1997-02-26 00:00:00";"0";"1"
3;"509647174";1002;12;"Engineering Manager";"1964-12-13 00:00:00";"M";"M";"1997-12-12 00:00:00";"1";"1"
4;"112457891";1290;3;"Senior Tool Designer";"1965-01-23 00:00:00";"S";"M";"1998-01-05 00:00:00";"0";"1"
5;"480168528";1009;263;"Tool Designer";"1949-08-29 00:00:00";"M";"M";"1998-01-11 00:00:00";"0";"1"
6;"24756624";1028;109;"Marketing Manager";"1965-04-19 00:00:00";"S";"M";"1998-01-20 00:00:00";"1";"1"
7;"309738752";1070;21;"Production Supervisor - WC60";"1946-02-16 00:00:00";"S";"F";"1998-01-26 00:00:00";"0";"1"
8;"690627818";1071;185;"Production Technician - WC10";"1946-07-06 00:00:00";"M";"F";"1998-02-06 00:00:00";"0";"1"
9;"695256908";1005;3;"Design Engineer";"1942-10-29 00:00:00";"M";"F";"1998-02-06 00:00:00";"1";"1"
10;"912265825";1076;185;"Production Technician - WC10";"1946-04-27 00:00:00";"S";"M";"1998-02-07 00:00:00";"0";"1"
11;"998320692";1006;3;"Design Engineer";"1949-04-11 00:00:00";"M";"M";"1998-02-24 00:00:00";"1";"1"
12;"245797967";1001;109;"Vice President of Engineering";"1961-09-01 00:00:00";"S";"F";"1998-03-03 00:00:00";"1";"1"
13;"844973625";1072;185;"Production Technician - WC10";"1946-10-01 00:00:00";"M";"M";"1998-03-05 00:00:00";"0";"1"
14;"233069302";1067;21;"Production Supervisor - WC50";"1946-05-03 00:00:00";"M";"M";"1998-03-11 00:00:00";"0";"1"
15;"132674823";1073;185;"Production Technician - WC10";"1946-08-12 00:00:00";"S";"M";"1998-03-23 00:00:00";"0";"1"
16;"446466105";1068;21;"Production Supervisor - WC60";"1946-11-09 00:00:00";"S";"F";"1998-03-30 00:00:00";"0";"1"
17;"565090917";1074;185;"Production Technician - WC10";"1946-05-06 00:00:00";"M";"F";"1998-04-11 00:00:00";"0";"1"
18;"494170342";1069;21;"Production Supervisor - WC60";"1946-09-08 00:00:00";"M";"M";"1998-04-18 00:00:00";"0";"1"
19;"9659517";1075;185;"Production Technician - WC10";"1946-04-30 00:00:00";"M";"F";"1998-04-29 00:00:00";"0";"1"
20;"443968955";1129;173;"Production Technician - WC30";"1967-06-15 00:00:00";"M";"M";"1999-01-02 00:00:00";"0";"1"
21;"277173473";1231;148;"Production Control Manager";"1972-12-04 00:00:00";"M";"M";"1999-01-02 00:00:00";"1";"1"
22;"835460180";1172;197;"Production Technician - WC45";"1952-10-14 00:00:00";"S";"M";"1999-01-03 00:00:00";"0";"1"
23;"687685941";1173;197;"Production Technician - WC45";"1960-11-18 00:00:00";"S";"M";"1999-01-03 00:00:00";"0";"1"
24;"498138869";1113;184;"Production Technician - WC30";"1969-12-03 00:00:00";"S";"M";"1999-01-03 00:00:00";"0";"1"
25;"360868122";1054;21;"Production Supervisor - WC10";"1973-11-26 00:00:00";"S";"M";"1999-01-04 00:00:00";"0";"1"
26;"964089218";1097;108;"Production Technician - WC20";"1972-02-04 00:00:00";"M";"M";"1999-01-05 00:00:00";"0";"1"
27;"384162788";1156;87;"Production Technician - WC40";"1970-12-15 00:00:00";"S";"M";"1999-01-05 00:00:00";"0";"1"
28;"749389530";1258;150;"Network Administrator";"1967-04-28 00:00:00";"S";"M";"1999-01-05 00:00:00";"0";"1"
29;"571658797";1199;14;"Production Technician - WC50";"1976-06-30 00:00:00";"M";"M";"1999-01-06 00:00:00";"0";"1"
30;"535145551";1242;140;"Human Resources Manager";"1966-03-14 00:00:00";"M";"F";"1999-01-07 00:00:00";"1";"1"
31;"761597760";1140;210;"Production Technician - WC40";"1979-01-06 00:00:00";"S";"M";"1999-01-07 00:00:00";"0";"1"
32;"271438431";1122;184;"Production Technician - WC30";"1974-09-26 00:00:00";"S";"M";"1999-01-08 00:00:00";"0";"1"
33;"160739235";1124;135;"Production Technician - WC30";"1973-08-27 00:00:00";"S";"M";"1999-01-08 00:00:00";"0";"1"
34;"586486572";1285;85;"Stocker";"1968-03-20 00:00:00";"S";"F";"1999-01-08 00:00:00";"0";"1"
35;"337752649";1283;85;"Shipping and Receiving Clerk";"1967-04-19 00:00:00";"M";"M";"1999-01-08 00:00:00";"0";"1"
36;"113695504";1183;38;"Production Technician - WC50";"1968-02-27 00:00:00";"M";"F";"1999-01-08 00:00:00";"0";"1"
37;"276751903";1226;7;"Production Technician - WC60";"1980-06-17 00:00:00";"S";"M";"1999-01-09 00:00:00";"0";"1"
38;"630184120";1065;21;"Production Supervisor - WC50";"1979-03-09 00:00:00";"S";"M";"1999-01-09 00:00:00";"0";"1"
39;"545337468";1108;182;"Production Technician - WC20";"1974-12-19 00:00:00";"S";"M";"1999-01-10 00:00:00";"0";"1"
40;"713403643";1167;159;"Production Technician - WC45";"1979-05-17 00:00:00";"M";"F";"1999-01-10 00:00:00";"0";"1"
41;"885055826";1269;200;"Quality Assurance Supervisor";"1966-04-19 00:00:00";"M";"M";"1999-01-10 00:00:00";"1";"1"
42;"441044382";1253;109;"Information Services Manager";"1966-01-13 00:00:00";"S";"F";"1999-01-12 00:00:00";"1";"1"
43;"718299860";1194;74;"Production Technician - WC50";"1962-12-27 00:00:00";"M";"M";"1999-01-13 00:00:00";"0";"1"
44;"685233686";1232;148;"Master Scheduler";"1958-10-19 00:00:00";"S";"M";"1999-01-13 00:00:00";"0";"1"
45;"295971920";1135;210;"Production Technician - WC40";"1979-07-27 00:00:00";"S";"M";"1999-01-13 00:00:00";"0";"1"
46;"95958330";1033;6;"Marketing Specialist";"1977-06-21 00:00:00";"S";"M";"1999-01-13 00:00:00";"0";"1"
47;"332040978";1237;30;"Recruiter";"1968-08-18 00:00:00";"S";"M";"1999-01-14 00:00:00";"0";"1"
48;"857651804";1178;38;"Production Technician - WC50";"1969-08-06 00:00:00";"S";"M";"1999-01-15 00:00:00";"0";"1"
49;"553069203";1280;218;"Maintenance Supervisor";"1966-02-18 00:00:00";"M";"M";"1999-01-15 00:00:00";"1";"1"
50;"351069889";1119;184;"Production Technician - WC30";"1973-05-03 00:00:00";"S";"F";"1999-01-15 00:00:00";"0";"1"
51;"370989364";1060;21;"Production Supervisor - WC40";"1977-09-27 00:00:00";"M";"M";"1999-01-16 00:00:00";"0";"1"
52;"275962311";1162;123;"Production Technician - WC45";"1975-03-10 00:00:00";"S";"M";"1999-01-16 00:00:00";"0";"1"
53;"36151748";1221;18;"Production Technician - WC60";"1975-01-30 00:00:00";"M";"M";"1999-01-16 00:00:00";"0";"1"
54;"540688287";1264;90;"Control Specialist";"1980-05-29 00:00:00";"S";"M";"1999-01-17 00:00:00";"0";"1"
55;"568596888";1103;143;"Production Technician - WC20";"1964-11-16 00:00:00";"S";"M";"1999-01-17 00:00:00";"0";"1"
56;"918737118";1146;210;"Production Technician - WC40";"1976-01-26 00:00:00";"S";"M";"1999-01-18 00:00:00";"0";"1"
57;"801758002";1205;16;"Production Technician - WC60";"1967-01-27 00:00:00";"M";"M";"1999-01-18 00:00:00";"0";"1"
58;"415823523";1181;38;"Production Technician - WC50";"1968-03-28 00:00:00";"S";"M";"1999-01-18 00:00:00";"0";"1"
59;"363923697";1248;139;"Accounts Receivable Specialist";"1966-04-07 00:00:00";"M";"F";"1999-01-19 00:00:00";"0";"1"
60;"674171828";1189;74;"Production Technician - WC50";"1976-10-09 00:00:00";"M";"M";"1999-01-20 00:00:00";"0";"1"
61;"138280935";1130;173;"Production Technician - WC30";"1973-11-19 00:00:00";"M";"F";"1999-01-20 00:00:00";"0";"1"
62;"476115505";1114;184;"Production Technician - WC30";"1967-05-18 00:00:00";"M";"M";"1999-01-22 00:00:00";"0";"1"
63;"502058701";1157;87;"Production Technician - WC40";"1978-06-17 00:00:00";"S";"M";"1999-01-23 00:00:00";"0";"1"
64;"7201901";1055;21;"Production Supervisor - WC10";"1974-05-13 00:00:00";"M";"M";"1999-01-23 00:00:00";"0";"1"
65;"97728960";1098;143;"Production Technician - WC20";"1957-04-02 00:00:00";"M";"M";"1999-01-24 00:00:00";"0";"1"
66;"525932996";1259;42;"Application Specialist";"1975-03-03 00:00:00";"M";"F";"1999-01-24 00:00:00";"1";"1"
67;"843479922";1200;14;"Production Technician - WC50";"1969-09-16 00:00:00";"S";"M";"1999-01-25 00:00:00";"0";"1"
68;"370487086";1141;210;"Production Technician - WC40";"1970-11-05 00:00:00";"M";"M";"1999-01-25 00:00:00";"0";"1"
69;"54759846";1184;38;"Production Technician - WC50";"1977-08-17 00:00:00";"M";"F";"1999-01-26 00:00:00";"0";"1"
70;"619308550";1239;30;"Benefits Specialist";"1974-12-22 00:00:00";"M";"F";"1999-01-26 00:00:00";"0";"1"
71;"121491555";1243;140;"Finance Manager";"1974-11-12 00:00:00";"S";"F";"1999-01-26 00:00:00";"1";"1"
72;"420776180";1286;85;"Stocker";"1974-06-01 00:00:00";"S";"F";"1999-01-27 00:00:00";"0";"1"
73;"604664374";1125;135;"Production Technician - WC30";"1965-12-06 00:00:00";"M";"F";"1999-01-27 00:00:00";"0";"1"
74;"778552911";1066;21;"Production Supervisor - WC50";"1970-05-30 00:00:00";"S";"M";"1999-01-28 00:00:00";"0";"1"
75;"435234965";1168;159;"Production Technician - WC45";"1975-12-26 00:00:00";"M";"M";"1999-01-28 00:00:00";"0";"1"
76;"339712426";1227;7;"Production Technician - WC60";"1974-08-26 00:00:00";"M";"M";"1999-01-28 00:00:00";"0";"1"
77;"403414852";1270;41;"Quality Assurance Technician";"1966-04-07 00:00:00";"S";"M";"1999-01-29 00:00:00";"0";"1"
78;"368920189";1109;182;"Production Technician - WC20";"1977-01-01 00:00:00";"S";"M";"1999-01-29 00:00:00";"0";"1"
79;"811994146";1050;158;"Research and Development Engineer";"1976-07-06 00:00:00";"S";"F";"1999-01-30 00:00:00";"1";"1"
80;"330211482";1211;16;"Production Technician - WC60";"1967-08-11 00:00:00";"M";"F";"1999-01-30 00:00:00";"0";"1"
81;"632092621";1136;210;"Production Technician - WC40";"1967-11-05 00:00:00";"M";"M";"1999-02-01 00:00:00";"0";"1"
82;"264306399";1238;30;"Recruiter";"1974-09-02 00:00:00";"S";"M";"1999-02-02 00:00:00";"0";"1"
83;"981597097";1179;38;"Production Technician - WC50";"1968-07-01 00:00:00";"S";"M";"1999-02-02 00:00:00";"0";"1"
84;"693325305";1222;7;"Production Technician - WC60";"1978-12-21 00:00:00";"M";"F";"1999-02-03 00:00:00";"0";"1"
85;"521265716";1281;21;"Shipping and Receiving Supervisor";"1962-10-11 00:00:00";"S";"M";"1999-02-03 00:00:00";"1";"1"
86;"746373306";1120;184;"Production Technician - WC30";"1971-09-04 00:00:00";"S";"M";"1999-02-03 00:00:00";"0";"1"
87;"750905084";1061;21;"Production Supervisor - WC40";"1973-08-02 00:00:00";"S";"M";"1999-02-04 00:00:00";"0";"1"
88;"514829225";1163;123;"Production Technician - WC45";"1971-01-26 00:00:00";"S";"F";"1999-02-04 00:00:00";"0";"1"
89;"750246141";1206;16;"Production Technician - WC60";"1976-06-20 00:00:00";"M";"F";"1999-02-05 00:00:00";"0";"1"
90;"345106466";1265;200;"Document Control Manager";"1966-03-02 00:00:00";"M";"M";"1999-02-05 00:00:00";"0";"1"
91;"19312190";1137;210;"Production Technician - WC40";"1978-12-28 00:00:00";"M";"F";"1999-02-05 00:00:00";"0";"1"
92;"212801092";1104;143;"Production Technician - WC20";"1979-03-19 00:00:00";"S";"M";"1999-02-05 00:00:00";"0";"1"
93;"769680433";1147;51;"Production Technician - WC40";"1962-07-15 00:00:00";"M";"M";"1999-02-06 00:00:00";"0";"1"
94;"60517918";1249;139;"Accounts Receivable Specialist";"1966-03-26 00:00:00";"S";"F";"1999-02-07 00:00:00";"0";"1"
95;"431859843";1190;74;"Production Technician - WC50";"1969-04-29 00:00:00";"S";"M";"1999-02-07 00:00:00";"0";"1"
96;"621209647";1233;44;"Scheduling Assistant";"1971-12-08 00:00:00";"M";"M";"1999-02-08 00:00:00";"0";"1"
97;"420023788";1131;173;"Production Technician - WC30";"1979-12-08 00:00:00";"S";"M";"1999-02-08 00:00:00";"0";"1"
98;"199546871";1174;197;"Production Technician - WC45";"1977-03-13 00:00:00";"M";"M";"1999-02-09 00:00:00";"0";"1"
99;"830150469";1158;87;"Production Technician - WC40";"1981-02-04 00:00:00";"S";"M";"1999-02-11 00:00:00";"0";"1"
100;"322160340";1099;143;"Production Technician - WC20";"1964-10-24 00:00:00";"M";"M";"1999-02-12 00:00:00";"0";"1"
101;"827686041";1201;14;"Production Technician - WC50";"1967-03-07 00:00:00";"S";"M";"1999-02-12 00:00:00";"0";"1"
102;"671089628";1260;42;"Application Specialist";"1971-07-28 00:00:00";"M";"M";"1999-02-12 00:00:00";"1";"1"
103;"231203233";1244;140;"Assistant to the Chief Financial Officer";"1954-07-23 00:00:00";"S";"M";"1999-02-13 00:00:00";"0";"1"
104;"204035155";1195;74;"Production Technician - WC50";"1963-02-25 00:00:00";"M";"M";"1999-02-13 00:00:00";"0";"1"
105;"992874797";1142;210;"Production Technician - WC40";"1977-03-13 00:00:00";"M";"F";"1999-02-13 00:00:00";"0";"1"
106;"767955365";1034;6;"Marketing Specialist";"1952-10-14 00:00:00";"M";"F";"1999-02-13 00:00:00";"0";"1"
107;"342607223";1185;38;"Production Technician - WC50";"1968-06-07 00:00:00";"M";"M";"1999-02-14 00:00:00";"0";"1"
108;"45615666";1228;21;"Production Supervisor - WC20";"1975-02-20 00:00:00";"M";"M";"1999-02-15 00:00:00";"0";"1"
109;"295847284";1287;0;"Chief Executive Officer";"1959-03-02 00:00:00";"S";"M";"1999-02-15 00:00:00";"1";"1"
110;"733022683";1126;135;"Production Technician - WC30";"1979-01-08 00:00:00";"S";"M";"1999-02-15 00:00:00";"0";"1"
111;"381772114";1271;41;"Quality Assurance Technician";"1976-05-31 00:00:00";"S";"M";"1999-02-16 00:00:00";"0";"1"
112;"187369436";1169;159;"Production Technician - WC45";"1962-08-25 00:00:00";"S";"F";"1999-02-16 00:00:00";"0";"1"
113;"364818297";1110;184;"Production Technician - WC30";"1976-11-24 00:00:00";"M";"M";"1999-02-17 00:00:00";"0";"1"
114;"658797903";1051;158;"Research and Development Engineer";"1969-02-21 00:00:00";"M";"F";"1999-02-17 00:00:00";"1";"1"
115;"886023130";1094;108;"Production Technician - WC20";"1980-12-05 00:00:00";"M";"M";"1999-02-18 00:00:00";"0";"1"
116;"749211824";1144;210;"Production Technician - WC40";"1977-10-07 00:00:00";"M";"M";"1999-02-18 00:00:00";"0";"1"
117;"643805155";1255;42;"Database Administrator";"1965-06-17 00:00:00";"S";"M";"1999-02-18 00:00:00";"1";"1"
118;"92096924";1196;14;"Production Technician - WC50";"1979-09-10 00:00:00";"S";"F";"1999-02-19 00:00:00";"0";"1"
119;"72636981";1035;6;"Marketing Specialist";"1969-07-19 00:00:00";"M";"F";"1999-02-19 00:00:00";"0";"1"
120;"563680513";1180;38;"Production Technician - WC50";"1981-07-01 00:00:00";"S";"F";"1999-02-21 00:00:00";"0";"1"
121;"584205124";1282;85;"Shipping and Receiving Clerk";"1963-12-13 00:00:00";"M";"M";"1999-02-21 00:00:00";"0";"1"
122;"458159238";1223;7;"Production Technician - WC60";"1963-09-28 00:00:00";"S";"M";"1999-02-22 00:00:00";"0";"1"
123;"712885347";1062;21;"Production Supervisor - WC45";"1967-02-16 00:00:00";"M";"M";"1999-02-22 00:00:00";"0";"1"
124;"87268837";1121;184;"Production Technician - WC30";"1977-08-15 00:00:00";"S";"M";"1999-02-22 00:00:00";"0";"1"
125;"969985265";1105;182;"Production Technician - WC20";"1969-08-02 00:00:00";"M";"F";"1999-02-23 00:00:00";"0";"1"
126;"539490372";1164;123;"Production Technician - WC45";"1979-01-17 00:00:00";"M";"M";"1999-02-23 00:00:00";"0";"1"
127;"242381745";1266;90;"Document Control Assistant";"1977-04-12 00:00:00";"S";"M";"1999-02-23 00:00:00";"0";"1"
128;"929666391";1254;42;"Database Administrator";"1966-02-06 00:00:00";"M";"M";"1999-02-23 00:00:00";"1";"1"
129;"948320468";1207;16;"Production Technician - WC60";"1969-10-26 00:00:00";"S";"M";"1999-02-24 00:00:00";"0";"1"
130;"931190412";1250;139;"Accounts Receivable Specialist";"1974-10-22 00:00:00";"S";"M";"1999-02-25 00:00:00";"0";"1"
131;"153288994";1191;74;"Production Technician - WC50";"1961-09-30 00:00:00";"M";"M";"1999-02-26 00:00:00";"0";"1"
132;"981495526";1234;44;"Scheduling Assistant";"1978-01-22 00:00:00";"M";"M";"1999-02-27 00:00:00";"0";"1"
133;"363996959";1132;173;"Production Technician - WC30";"1972-07-28 00:00:00";"S";"M";"1999-02-27 00:00:00";"0";"1"
134;"585408256";1116;184;"Production Technician - WC30";"1976-02-06 00:00:00";"S";"M";"1999-02-28 00:00:00";"0";"1"
135;"386315192";1057;21;"Production Supervisor - WC30";"1971-09-19 00:00:00";"S";"F";"1999-02-28 00:00:00";"0";"1"
136;"167554340";1175;197;"Production Technician - WC45";"1980-12-02 00:00:00";"M";"F";"1999-02-28 00:00:00";"0";"1"
137;"410742000";1202;16;"Production Technician - WC60";"1979-10-30 00:00:00";"M";"F";"1999-03-02 00:00:00";"0";"1"
138;"746201340";1143;210;"Production Technician - WC40";"1967-03-14 00:00:00";"S";"M";"1999-03-02 00:00:00";"0";"1"
139;"30845";1245;140;"Accounts Manager";"1973-08-08 00:00:00";"M";"M";"1999-03-03 00:00:00";"1";"1"
140;"184188301";1288;109;"Chief Financial Officer";"1966-02-06 00:00:00";"M";"F";"1999-03-04 00:00:00";"1";"1"
141;"398737566";1186;38;"Production Technician - WC50";"1964-06-03 00:00:00";"S";"M";"1999-03-04 00:00:00";"0";"1"
142;"764853868";1127;135;"Production Technician - WC30";"1973-11-20 00:00:00";"M";"M";"1999-03-04 00:00:00";"0";"1"
143;"319472946";1229;21;"Production Supervisor - WC20";"1967-05-08 00:00:00";"M";"M";"1999-03-05 00:00:00";"0";"1"
144;"456839592";1170;159;"Production Technician - WC45";"1975-04-01 00:00:00";"S";"M";"1999-03-06 00:00:00";"0";"1"
145;"131471224";1272;41;"Quality Assurance Technician";"1979-04-29 00:00:00";"M";"M";"1999-03-06 00:00:00";"0";"1"
146;"259388196";1111;184;"Production Technician - WC30";"1979-02-09 00:00:00";"M";"M";"1999-03-06 00:00:00";"0";"1"
147;"812797414";1100;143;"Production Technician - WC20";"1967-11-06 00:00:00";"S";"F";"1999-03-07 00:00:00";"0";"1"
148;"519899904";1052;109;"Vice President of Production";"1973-02-07 00:00:00";"S";"M";"1999-03-07 00:00:00";"1";"1"
149;"314747499";1261;42;"Application Specialist";"1978-04-14 00:00:00";"S";"M";"1999-03-07 00:00:00";"1";"1"
150;"858323870";1256;42;"Network Manager";"1974-04-26 00:00:00";"S";"F";"1999-03-08 00:00:00";"1";"1"
151;"25011600";1095;108;"Production Technician - WC20";"1977-12-23 00:00:00";"M";"F";"1999-03-08 00:00:00";"0";"1"
152;"436757988";1138;210;"Production Technician - WC40";"1979-12-12 00:00:00";"S";"M";"1999-03-09 00:00:00";"0";"1"
153;"652535724";1197;14;"Production Technician - WC50";"1978-08-07 00:00:00";"M";"F";"1999-03-09 00:00:00";"0";"1"
154;"416679555";1240;30;"Human Resources Administrative Assistant";"1967-05-19 00:00:00";"S";"M";"1999-03-10 00:00:00";"0";"1"
155;"377784364";1165;123;"Production Technician - WC45";"1980-05-14 00:00:00";"M";"M";"1999-03-12 00:00:00";"0";"1"
156;"66073987";1224;7;"Production Technician - WC60";"1966-03-13 00:00:00";"S";"M";"1999-03-12 00:00:00";"0";"1"
157;"999440576";1210;16;"Production Technician - WC60";"1967-02-11 00:00:00";"M";"M";"1999-03-12 00:00:00";"0";"1"
158;"134969118";1049;3;"Research and Development Manager";"1977-03-27 00:00:00";"M";"M";"1999-03-12 00:00:00";"1";"1"
159;"551834634";1063;21;"Production Supervisor - WC45";"1980-06-24 00:00:00";"S";"M";"1999-03-12 00:00:00";"0";"1"
160;"305522471";1106;182;"Production Technician - WC20";"1976-05-06 00:00:00";"M";"M";"1999-03-13 00:00:00";"0";"1"
161;"260770918";1267;90;"Document Control Assistant";"1966-01-25 00:00:00";"M";"F";"1999-03-13 00:00:00";"0";"1"
162;"788456780";1208;16;"Production Technician - WC60";"1974-09-01 00:00:00";"M";"M";"1999-03-14 00:00:00";"0";"1"
163;"370581729";1188;74;"Production Technician - WC50";"1976-04-21 00:00:00";"S";"M";"1999-03-14 00:00:00";"0";"1"
164;"603686790";1047;274;"Buyer";"1974-09-18 00:00:00";"S";"M";"1999-03-14 00:00:00";"0";"1"
165;"152085091";1192;74;"Production Technician - WC50";"1968-07-27 00:00:00";"M";"M";"1999-03-15 00:00:00";"0";"1"
166;"663843431";1251;139;"Accounts Payable Specialist";"1967-03-18 00:00:00";"M";"M";"1999-03-15 00:00:00";"0";"1"
167;"227319668";1133;173;"Production Technician - WC30";"1978-11-18 00:00:00";"M";"F";"1999-03-16 00:00:00";"0";"1"
168;"578953538";1159;87;"Production Technician - WC40";"1963-09-05 00:00:00";"S";"M";"1999-03-17 00:00:00";"0";"1"
169;"222400012";1176;38;"Production Technician - WC50";"1961-07-14 00:00:00";"M";"M";"1999-03-17 00:00:00";"0";"1"
170;"470689086";1235;44;"Scheduling Assistant";"1974-04-30 00:00:00";"M";"M";"1999-03-17 00:00:00";"0";"1"
171;"860123571";1117;184;"Production Technician - WC30";"1975-10-25 00:00:00";"M";"M";"1999-03-18 00:00:00";"0";"1"
172;"273260055";1160;87;"Production Technician - WC40";"1980-11-07 00:00:00";"S";"M";"1999-03-19 00:00:00";"0";"1"
173;"578935259";1058;21;"Production Supervisor - WC30";"1979-03-02 00:00:00";"S";"M";"1999-03-19 00:00:00";"0";"1"
174;"752513276";1219;18;"Production Technician - WC60";"1981-05-07 00:00:00";"S";"M";"1999-03-19 00:00:00";"0";"1"
175;"754372876";1203;16;"Production Technician - WC60";"1977-07-11 00:00:00";"M";"F";"1999-03-20 00:00:00";"0";"1"
176;"58317344";1262;42;"Application Specialist";"1968-06-19 00:00:00";"S";"F";"1999-03-20 00:00:00";"1";"1"
177;"404159499";1101;143;"Production Technician - WC20";"1975-01-09 00:00:00";"S";"M";"1999-03-20 00:00:00";"0";"1"
178;"363910111";1246;139;"Accountant";"1966-02-04 00:00:00";"M";"F";"1999-03-22 00:00:00";"1";"1"
179;"599942664";1187;38;"Production Technician - WC50";"1980-09-04 00:00:00";"M";"M";"1999-03-22 00:00:00";"0";"1"
180;"993310268";1128;135;"Production Technician - WC30";"1967-10-15 00:00:00";"M";"M";"1999-03-23 00:00:00";"0";"1"
181;"20244403";1171;197;"Production Technician - WC45";"1959-10-19 00:00:00";"S";"F";"1999-03-24 00:00:00";"0";"1"
182;"862951447";1230;21;"Production Supervisor - WC20";"1974-12-20 00:00:00";"S";"F";"1999-03-24 00:00:00";"0";"1"
183;"551346974";1112;184;"Production Technician - WC30";"1972-03-14 00:00:00";"M";"M";"1999-03-25 00:00:00";"0";"1"
184;"60114406";1056;21;"Production Supervisor - WC30";"1973-07-23 00:00:00";"S";"M";"1999-03-25 00:00:00";"0";"1"
185;"33237992";1053;21;"Production Supervisor - WC10";"1978-10-08 00:00:00";"S";"M";"1999-03-26 00:00:00";"0";"1"
186;"1300049";1155;87;"Production Technician - WC40";"1976-05-10 00:00:00";"M";"F";"1999-03-26 00:00:00";"0";"1"
187;"10708100";1198;14;"Production Technician - WC50";"1961-08-24 00:00:00";"S";"M";"1999-03-27 00:00:00";"0";"1"
188;"672243793";1257;150;"Network Administrator";"1970-06-29 00:00:00";"S";"M";"1999-03-27 00:00:00";"0";"1"
189;"63761469";1096;108;"Production Technician - WC20";"1964-10-06 00:00:00";"S";"F";"1999-03-27 00:00:00";"0";"1"
190;"693168613";1139;210;"Production Technician - WC40";"1971-06-29 00:00:00";"M";"M";"1999-03-28 00:00:00";"0";"1"
191;"476980013";1241;30;"Human Resources Administrative Assistant";"1966-05-18 00:00:00";"S";"M";"1999-03-29 00:00:00";"0";"1"
192;"334834274";1182;38;"Production Technician - WC50";"1979-07-17 00:00:00";"S";"M";"1999-03-29 00:00:00";"0";"1"
193;"399658727";1166;159;"Production Technician - WC45";"1978-04-15 00:00:00";"S";"M";"1999-03-30 00:00:00";"0";"1"
194;"500412746";1225;7;"Production Technician - WC60";"1976-02-11 00:00:00";"M";"M";"1999-03-30 00:00:00";"0";"1"
195;"652779496";1284;85;"Stocker";"1975-06-05 00:00:00";"M";"M";"1999-03-30 00:00:00";"0";"1"
196;"878395493";1123;135;"Production Technician - WC30";"1972-10-19 00:00:00";"M";"M";"1999-03-30 00:00:00";"0";"1"
197;"332349500";1064;21;"Production Supervisor - WC45";"1970-08-19 00:00:00";"S";"F";"1999-03-30 00:00:00";"0";"1"
198;"792847334";1048;274;"Buyer";"1964-09-21 00:00:00";"M";"M";"1999-04-01 00:00:00";"0";"1"
199;"621932914";1107;182;"Production Technician - WC20";"1966-01-21 00:00:00";"S";"M";"1999-04-01 00:00:00";"0";"1"
200;"398223854";1268;148;"Quality Assurance Manager";"1967-11-27 00:00:00";"S";"M";"1999-04-01 00:00:00";"1";"1"
201;"519756660";1252;139;"Accounts Payable Specialist";"1969-04-09 00:00:00";"M";"F";"1999-04-02 00:00:00";"0";"1"
202;"912141525";1193;74;"Production Technician - WC50";"1980-02-26 00:00:00";"M";"F";"1999-04-03 00:00:00";"0";"1"
203;"243322160";1032;6;"Marketing Specialist";"1976-03-07 00:00:00";"M";"M";"1999-04-03 00:00:00";"0";"1"
204;"568626529";1115;184;"Production Technician - WC30";"1972-04-24 00:00:00";"S";"M";"1999-04-04 00:00:00";"0";"1"
205;"301435199";1134;173;"Production Technician - WC30";"1973-06-13 00:00:00";"M";"F";"1999-04-04 00:00:00";"0";"1"
206;"368691270";1236;44;"Scheduling Assistant";"1974-09-12 00:00:00";"M";"M";"1999-04-04 00:00:00";"0";"1"
207;"211789056";1177;38;"Production Technician - WC50";"1977-07-07 00:00:00";"S";"F";"1999-04-05 00:00:00";"0";"1"
208;"63179277";1220;18;"Production Technician - WC60";"1966-03-14 00:00:00";"S";"M";"1999-04-06 00:00:00";"0";"1"
209;"587567941";1118;184;"Production Technician - WC30";"1964-12-16 00:00:00";"S";"M";"1999-04-06 00:00:00";"0";"1"
210;"634335025";1059;21;"Production Supervisor - WC40";"1973-03-31 00:00:00";"M";"F";"1999-04-06 00:00:00";"0";"1"
211;"65848458";1161;123;"Production Technician - WC45";"1978-10-26 00:00:00";"S";"M";"1999-04-07 00:00:00";"0";"1"
212;"260805477";1263;90;"Control Specialist";"1977-06-26 00:00:00";"M";"M";"1999-04-07 00:00:00";"0";"1"
213;"442121106";1204;16;"Production Technician - WC60";"1976-09-07 00:00:00";"S";"M";"1999-04-08 00:00:00";"0";"1"
214;"300946911";1102;143;"Production Technician - WC20";"1977-01-08 00:00:00";"S";"F";"1999-04-08 00:00:00";"0";"1"
215;"440379437";1145;210;"Production Technician - WC40";"1978-06-11 00:00:00";"M";"M";"1999-04-09 00:00:00";"0";"1"
216;"480951955";1247;139;"Accountant";"1969-08-01 00:00:00";"S";"M";"1999-04-09 00:00:00";"1";"1"
217;"879342154";1289;158;"Research and Development Manager";"1975-01-01 00:00:00";"M";"M";"1999-06-04 00:00:00";"1";"1"
218;"141165819";1274;148;"Facilities Manager";"1961-03-21 00:00:00";"M";"M";"2000-01-03 00:00:00";"1";"1"
219;"537092325";1215;18;"Production Technician - WC60";"1961-10-03 00:00:00";"S";"M";"2000-01-04 00:00:00";"0";"1"
220;"455563743";1081;25;"Production Technician - WC10";"1976-10-23 00:00:00";"S";"M";"2000-01-07 00:00:00";"0";"1"
221;"701156975";1092;108;"Production Technician - WC20";"1960-12-13 00:00:00";"M";"M";"2000-01-12 00:00:00";"0";"1"
222;"1662732";1151;51;"Production Technician - WC40";"1961-01-23 00:00:00";"S";"M";"2000-01-12 00:00:00";"0";"1"
223;"407505660";1044;274;"Buyer";"1960-12-31 00:00:00";"M";"F";"2000-01-18 00:00:00";"0";"1"
224;"294148271";1087;64;"Production Technician - WC10";"1957-01-17 00:00:00";"S";"F";"2000-01-19 00:00:00";"0";"1"
225;"552560652";1275;218;"Facilities Administrative Assistant";"1961-09-27 00:00:00";"M";"M";"2000-01-22 00:00:00";"0";"1"
226;"834186596";1216;18;"Production Technician - WC60";"1960-04-07 00:00:00";"S";"M";"2000-01-23 00:00:00";"0";"1"
227;"717889520";1082;25;"Production Technician - WC10";"1976-10-20 00:00:00";"M";"F";"2000-01-26 00:00:00";"0";"1"
228;"801365500";1078;25;"Production Technician - WC10";"1976-10-20 00:00:00";"S";"M";"2000-01-26 00:00:00";"0";"1"
229;"413787783";1152;51;"Production Technician - WC40";"1961-04-09 00:00:00";"S";"M";"2000-01-30 00:00:00";"0";"1"
230;"109272464";1077;185;"Production Technician - WC10";"1976-10-11 00:00:00";"M";"F";"2000-02-02 00:00:00";"0";"1"
231;"482810518";1045;274;"Buyer";"1960-12-25 00:00:00";"M";"M";"2000-02-05 00:00:00";"0";"1"
232;"113393530";1088;108;"Production Technician - WC20";"1961-11-23 00:00:00";"S";"M";"2000-02-07 00:00:00";"0";"1"
233;"466142721";1040;274;"Buyer";"1956-12-30 00:00:00";"M";"M";"2000-02-12 00:00:00";"0";"1"
234;"390124815";1083;64;"Production Technician - WC10";"1976-10-14 00:00:00";"S";"F";"2000-02-13 00:00:00";"0";"1"
235;"6298838";1212;16;"Production Technician - WC60";"1957-01-14 00:00:00";"M";"F";"2000-02-17 00:00:00";"0";"1"
236;"943170460";1153;51;"Production Technician - WC40";"1961-01-03 00:00:00";"S";"M";"2000-02-18 00:00:00";"0";"1"
237;"339233463";1093;108;"Production Technician - WC20";"1943-06-01 00:00:00";"M";"M";"2000-02-23 00:00:00";"0";"1"
238;"367453993";1046;274;"Buyer";"1942-06-13 00:00:00";"M";"M";"2000-02-24 00:00:00";"0";"1"
239;"872923042";1089;108;"Production Technician - WC20";"1964-10-11 00:00:00";"M";"M";"2000-02-25 00:00:00";"0";"1"
240;"697712387";1148;51;"Production Technician - WC40";"1957-01-08 00:00:00";"M";"M";"2000-02-25 00:00:00";"0";"1"
241;"381073001";1042;274;"Buyer";"1962-10-19 00:00:00";"S";"M";"2000-02-28 00:00:00";"0";"1"
242;"646304055";1277;49;"Janitor";"1961-01-03 00:00:00";"S";"M";"2000-02-28 00:00:00";"0";"1"
243;"414476027";1218;18;"Production Technician - WC60";"1945-03-02 00:00:00";"S";"M";"2000-03-01 00:00:00";"0";"1"
244;"785853949";1041;274;"Buyer";"1961-02-04 00:00:00";"S";"F";"2000-03-03 00:00:00";"0";"1"
245;"90888098";1084;64;"Production Technician - WC10";"1976-10-11 00:00:00";"S";"M";"2000-03-04 00:00:00";"0";"1"
246;"947029962";1154;51;"Production Technician - WC40";"1942-04-03 00:00:00";"M";"M";"2000-03-08 00:00:00";"0";"1"
247;"461786517";1213;16;"Production Technician - WC60";"1961-10-12 00:00:00";"S";"M";"2000-03-08 00:00:00";"0";"1"
248;"393421437";1079;25;"Production Technician - WC10";"1976-11-01 00:00:00";"M";"M";"2000-03-11 00:00:00";"0";"1"
249;"988315686";1149;51;"Production Technician - WC40";"1964-01-24 00:00:00";"M";"M";"2000-03-15 00:00:00";"0";"1"
250;"56772045";1090;108;"Production Technician - WC20";"1961-10-06 00:00:00";"S";"M";"2000-03-16 00:00:00";"0";"1"
251;"879334904";1278;49;"Janitor";"1960-08-31 00:00:00";"M";"F";"2000-03-19 00:00:00";"0";"1"
252;"82638150";1085;64;"Production Technician - WC10";"1976-10-08 00:00:00";"S";"F";"2000-03-23 00:00:00";"0";"1"
253;"343861179";1273;41;"Quality Assurance Technician";"1957-01-05 00:00:00";"M";"M";"2000-03-26 00:00:00";"0";"1"
254;"582347317";1214;18;"Production Technician - WC60";"1963-10-07 00:00:00";"S";"M";"2000-03-26 00:00:00";"0";"1"
255;"8066363";1217;18;"Production Technician - WC60";"1960-05-29 00:00:00";"M";"M";"2000-03-26 00:00:00";"0";"1"
256;"561196580";1080;25;"Production Technician - WC10";"1976-10-29 00:00:00";"S";"M";"2000-03-30 00:00:00";"0";"1"
257;"58791499";1150;51;"Production Technician - WC40";"1963-09-30 00:00:00";"S";"M";"2000-04-03 00:00:00";"0";"1"
258;"163347032";1091;108;"Production Technician - WC20";"1960-05-05 00:00:00";"S";"F";"2000-04-04 00:00:00";"0";"1"
259;"28414965";1276;49;"Janitor";"1962-01-17 00:00:00";"M";"M";"2000-04-05 00:00:00";"0";"1"
260;"153479919";1279;49;"Janitor";"1944-05-25 00:00:00";"M";"F";"2000-04-07 00:00:00";"0";"1"
261;"20269531";1043;274;"Buyer";"1963-07-05 00:00:00";"M";"M";"2000-04-09 00:00:00";"0";"1"
262;"826454897";1086;64;"Production Technician - WC10";"1976-11-01 00:00:00";"M";"M";"2000-04-10 00:00:00";"0";"1"
263;"974026903";1007;3;"Senior Tool Designer";"1968-02-18 00:00:00";"S";"M";"2001-01-05 00:00:00";"0";"1"
264;"437296311";1038;274;"Purchasing Assistant";"1968-03-01 00:00:00";"M";"F";"2001-01-06 00:00:00";"0";"1"
265;"486228782";1008;263;"Tool Designer";"1979-06-29 00:00:00";"M";"F";"2001-01-23 00:00:00";"0";"1"
266;"280633567";1039;274;"Purchasing Assistant";"1968-02-18 00:00:00";"M";"M";"2001-01-25 00:00:00";"0";"1"
267;"42487730";1003;3;"Senior Design Engineer";"1969-07-17 00:00:00";"S";"M";"2001-01-30 00:00:00";"1";"1"
268;"502097814";1011;273;"North American Sales Manager";"1941-11-17 00:00:00";"M";"M";"2001-02-04 00:00:00";"1";"1"
269;"323403273";1029;6;"Marketing Assistant";"1965-04-17 00:00:00";"M";"F";"2001-02-07 00:00:00";"0";"1"
270;"56920285";1004;3;"Design Engineer";"1951-06-03 00:00:00";"M";"F";"2001-02-18 00:00:00";"1";"1"
271;"222969461";1036;6;"Marketing Specialist";"1968-04-06 00:00:00";"S";"M";"2001-03-10 00:00:00";"0";"1"
272;"52541318";1031;6;"Marketing Assistant";"1968-03-01 00:00:00";"S";"F";"2001-03-17 00:00:00";"0";"1"
273;"112432117";1010;109;"Vice President of Sales";"1967-07-08 00:00:00";"S";"M";"2001-03-18 00:00:00";"1";"1"
274;"895209680";1037;71;"Purchasing Manager";"1968-03-13 00:00:00";"S";"F";"2001-03-28 00:00:00";"1";"1"
275;"841560125";1026;268;"Sales Representative";"1959-01-26 00:00:00";"S";"M";"2001-07-01 00:00:00";"1";"1"
276;"191644724";1018;268;"Sales Representative";"1970-03-30 00:00:00";"M";"F";"2001-07-01 00:00:00";"1";"1"
277;"615389812";1016;268;"Sales Representative";"1952-09-29 00:00:00";"S";"F";"2001-07-01 00:00:00";"1";"1"
278;"234474252";1021;268;"Sales Representative";"1965-03-07 00:00:00";"M";"M";"2001-07-01 00:00:00";"1";"1"
279;"716374314";1019;268;"Sales Representative";"1964-02-19 00:00:00";"M";"M";"2001-07-01 00:00:00";"1";"1"
280;"61161660";1014;268;"Sales Representative";"1965-01-06 00:00:00";"S";"F";"2001-07-01 00:00:00";"1";"1"
281;"139397894";1017;268;"Sales Representative";"1958-04-10 00:00:00";"M";"M";"2001-07-01 00:00:00";"1";"1"
282;"399771412";1020;268;"Sales Representative";"1954-01-11 00:00:00";"M";"M";"2001-07-01 00:00:00";"1";"1"
283;"987554265";1015;268;"Sales Representative";"1964-03-14 00:00:00";"S";"M";"2001-07-01 00:00:00";"1";"1"
284;"982310417";1013;273;"European Sales Manager";"1947-10-22 00:00:00";"M";"F";"2002-05-18 00:00:00";"1";"1"
285;"668991357";1025;284;"Sales Representative";"1958-04-18 00:00:00";"M";"F";"2002-07-01 00:00:00";"1";"1"
286;"134219713";1022;284;"Sales Representative";"1965-10-31 00:00:00";"S";"M";"2002-07-01 00:00:00";"1";"1"
287;"90836195";1027;268;"Sales Representative";"1968-02-06 00:00:00";"M";"M";"2002-11-01 00:00:00";"1";"1"
288;"481044938";1012;273;"Pacific Sales Manager";"1965-02-11 00:00:00";"M";"M";"2003-04-15 00:00:00";"1";"1"
289;"954276278";1023;284;"Sales Representative";"1965-08-09 00:00:00";"S";"F";"2003-07-01 00:00:00";"1";"1"
290;"758596752";1024;288;"Sales Representative";"1961-04-18 00:00:00";"S";"F";"2003-07-01 00:00:00";"1";"1"
